name,surname,email,phone,username,password,birthday
Alvis,Crona,Michael33@gmail.com,526.524.3161 x019,Sophia87,x5mqhgLDpHkCnRh,Thu Jun 15 2000 13:04:34 GMT+0200 (Rytų Europos žiemos laikas)
Jeanette,Jacobi,Valentin83@gmail.com,1-427-420-6891 x40416,Keara_Herman34,KVoE8eaR6Ihsa3P,Sat Apr 26 1997 12:12:11 GMT+0300 (Rytų Europos vasaros laikas)
Wallace,Friesen,Anastacio86@hotmail.com,(354) 915-9538 x9034,Lucas_Ortiz14,WZBbGBqWdA_sa2Z,Fri Feb 12 1982 14:42:50 GMT+0300 (Rytų Europos žiemos laikas)
Felicity,Rosenbaum,Travon.Hammes@gmail.com,696-864-5768,Bulah31,BxLgEY5RbXfeGSz,Wed Jan 16 1974 22:44:13 GMT+0300 (Rytų Europos žiemos laikas)
Freida,Thiel,Mittie.Streich@yahoo.com,820.488.9935,Lorenza.Johns28,rtwdmAARHwVTTDd,Fri Dec 16 1977 07:34:40 GMT+0300 (Rytų Europos žiemos laikas)
Orrin,Stokes,Celestino_Prohaska@yahoo.com,(816) 407-0048 x2109,Kailee83,6sbCgsY4gucUS1W,Sat Apr 09 1977 20:50:14 GMT+0300 (Rytų Europos žiemos laikas)
Sylvia,Lindgren,Antonette.Block87@gmail.com,(673) 294-3604 x828,Tad73,hETgBtIMBCAvLbH,Wed Oct 27 2004 10:22:21 GMT+0300 (Rytų Europos vasaros laikas)
Emerald,Moen,Corine_Flatley91@gmail.com,452-371-2523,Bertram.Howe,6mTfR5Pl0oGtf2r,Wed Sep 29 1976 01:43:45 GMT+0300 (Rytų Europos žiemos laikas)
Vicenta,Schimmel,Dereck_Deckow39@hotmail.com,1-635-259-5431 x9668,Vivianne88,0GqDPMCwfz6klxi,Thu Jun 25 1964 09:37:24 GMT+0300 (Rytų Europos vasaros laikas)
Madelynn,Wilkinson,Bettye_Hamill76@yahoo.com,(542) 872-7882 x3072,Arch.Fahey35,qucCm5Dr6MbshV2,Thu Dec 16 1976 10:01:18 GMT+0300 (Rytų Europos žiemos laikas)
Alvah,Abbott,Ruth.Casper@yahoo.com,1-646-558-5356 x6809,Audie75,yWz3M8fDKLaP021,Mon May 24 1971 07:54:06 GMT+0300 (Rytų Europos žiemos laikas)
Pedro,Hauck,Enola68@yahoo.com,1-939-321-5048 x46985,Triston_Parisian,M7m1YHYdJy3ZYst,Tue Oct 14 1952 08:24:48 GMT+0300 (Rytų Europos vasaros laikas)
Eugenia,Franey,Rolando21@hotmail.com,753.619.5870 x804,Winnifred.Effertz42,bFS2kaZPBJveVC_,Tue Oct 04 1966 15:15:50 GMT+0300 (Rytų Europos vasaros laikas)
Janice,Schneider,Sonia81@hotmail.com,750.602.1952 x58233,Trevor.Gerlach88,vuEDNIYpBm5UlNT,Wed Sep 24 1986 18:09:41 GMT+0400 (Rytų Europos vasaros laikas)
Giovanny,Powlowski,Marcel.Emard@yahoo.com,302.901.4436 x198,Cayla99,_GkqTftrPOINaw0,Mon Jul 07 1952 22:13:09 GMT+0300 (Rytų Europos vasaros laikas)
Benton,Rohan,Dejon_Walker@gmail.com,234.268.7630 x40674,Brain44,h9P_KKMgm8Hr6je,Fri Feb 27 2004 20:14:29 GMT+0200 (Rytų Europos žiemos laikas)
Carmine,Hagenes-Gleichner,Willa93@hotmail.com,(619) 801-6208,Madisen.OConnell19,fMplSSLRpLmJ8al,Tue Aug 02 1983 14:26:24 GMT+0400 (Rytų Europos vasaros laikas)
Joe,Kling,Enos72@hotmail.com,1-569-881-2619 x33361,Isai.Barrows,o6CyTFkLuePRzOW,Sun Jul 14 1985 13:25:09 GMT+0400 (Rytų Europos vasaros laikas)
Salvatore,Zemlak,Francis.Murphy@gmail.com,1-808-659-3412 x8480,Lyla.Bogan,FLYajZcd8f5U4AU,Mon Nov 16 1987 15:50:31 GMT+0300 (Rytų Europos žiemos laikas)
Julia,Frami,Buddy65@yahoo.com,(458) 818-3695 x2729,Chester47,eyq7Q4dXYrfPnc4,Sat Sep 03 1977 06:01:59 GMT+0300 (Rytų Europos žiemos laikas)
Dominic,Gorczany,Haylee_Gerhold92@hotmail.com,519-735-0193,Colin_Kessler11,veYVLckni7mf1zx,Tue Aug 27 1968 08:52:48 GMT+0300 (Rytų Europos vasaros laikas)
Grayce,Hagenes,Hassie30@yahoo.com,803.417.7965 x405,Angelo35,7cP9ZdaBXPBN947,Mon Feb 05 1968 21:54:49 GMT+0300 (Rytų Europos žiemos laikas)
Bette,Conroy,Monroe.Upton@gmail.com,797.781.0790 x542,Bernice_Price9,RpusqjKYAh4JTMr,Mon Jul 16 1979 09:18:08 GMT+0300 (Rytų Europos žiemos laikas)
Alexandra,Donnelly,Ashtyn.Rice@hotmail.com,1-540-947-5559 x6792,Mertie_OConnell,jepP9AecQE8gLf4,Thu Aug 10 1967 19:54:09 GMT+0300 (Rytų Europos vasaros laikas)
Maribel,Smitham,Amya.Spinka@yahoo.com,234.233.3456,Whitney_McGlynn95,uo8ZhN8vhQxwT9m,Tue Dec 10 1963 20:09:35 GMT+0300 (Rytų Europos žiemos laikas)
Brice,Denesik,Sylvester.Lebsack86@hotmail.com,713.768.1448 x86221,Gabrielle6,5jiFMnmC_PJPlHd,Fri Mar 05 2004 08:11:33 GMT+0200 (Rytų Europos žiemos laikas)
Ozella,McCullough,Zakary95@hotmail.com,818-678-4811,Hilton.Stiedemann26,wfu6L2I9EsmURXj,Thu May 31 2001 08:25:12 GMT+0200 (Rytų Europos žiemos laikas)
Bo,Carroll,Adeline17@hotmail.com,1-300-269-8526,Albina64,9BLvggAcwd3grFR,Fri Mar 20 1964 10:48:23 GMT+0300 (Rytų Europos žiemos laikas)
Duncan,Casper,Christine_Gerlach@gmail.com,876.869.1581 x83302,Laurine.Mills89,7pS1A4Skieq8ctK,Tue Sep 12 1961 12:39:26 GMT+0300 (Rytų Europos vasaros laikas)
Verner,Metz,Myrtice.Von75@gmail.com,467.575.5296 x0088,Tom43,4fIbUtrsNTvB6YA,Tue Mar 20 1990 09:56:09 GMT+0200 (Rytų Europos žiemos laikas)
Lauryn,Hand,Carolyne.Predovic@yahoo.com,448.611.6938 x52653,Wilhelmine.Wiza15,qbJpHTiWCuw1r7L,Tue Jun 21 1983 18:54:33 GMT+0400 (Rytų Europos vasaros laikas)
Golda,Nitzsche,Gracie72@yahoo.com,1-463-640-5961,Fletcher_Kemmer,4z9FF5RP3tsP1hm,Thu Jul 02 1964 04:37:24 GMT+0300 (Rytų Europos vasaros laikas)
August,Kling,Emmie56@yahoo.com,1-313-521-1999 x384,Barrett_Hills,OSKgoHAe6XZkzOv,Wed Sep 24 1947 15:43:08 GMT+0300 (Rytų Europos vasaros laikas)
Darion,Hirthe,Corine69@gmail.com,(718) 633-3054,Jaeden_Roberts12,bQMEVmbBuR1KKj1,Fri Feb 14 1997 17:08:05 GMT+0200 (Rytų Europos žiemos laikas)
Griffin,Kreiger,Myles28@yahoo.com,1-959-390-7750 x8378,Austyn16,DET_i7gGRCuSsJg,Fri Dec 01 1944 23:47:50 GMT+0300 (Rytų Europos žiemos laikas)
Flo,Rempel,Catharine_Herzog61@hotmail.com,1-938-642-1784 x288,Nasir.Bartoletti0,vOJEqe7J8RfenJe,Sun Apr 16 1950 20:41:13 GMT+0300 (Rytų Europos vasaros laikas)
Rasheed,Connelly,Joyce_Hills11@gmail.com,1-399-621-1641 x89585,Armando_Douglas8,DSoFEkTm4zE9EdX,Tue Sep 09 1958 14:53:14 GMT+0300 (Rytų Europos vasaros laikas)
Cole,Nolan,Nannie_Boyer@yahoo.com,1-485-706-9557 x5049,Roosevelt_Haag,EFuvwcNHcBnkzZo,Thu Jul 31 2003 19:22:56 GMT+0300 (Rytų Europos vasaros laikas)
Bo,Bernier,Beth_Batz99@gmail.com,879.274.6312 x63930,Merle_Ward10,7wFovGhd8WZcUbC,Sat Jan 28 1978 13:58:34 GMT+0300 (Rytų Europos žiemos laikas)
Marquise,Kessler,Devin50@hotmail.com,1-510-780-1743 x939,Elza.Runte67,Xt5DmXxMOrigHmZ,Fri Feb 14 1986 19:00:03 GMT+0300 (Rytų Europos žiemos laikas)
Nelson,Veum-Champlin,Elyssa.Lindgren@yahoo.com,388.934.6936 x9429,Rae_Langworth38,9gghZqQRsosWMMK,Mon Jun 03 1963 10:01:14 GMT+0300 (Rytų Europos vasaros laikas)
Deonte,Skiles,Johnathon_Lowe@gmail.com,1-313-702-2983 x754,Patricia_Kuphal87,G_zmiWLEIGXNtvO,Fri Oct 28 2005 17:58:05 GMT+0300 (Rytų Europos vasaros laikas)
Delta,Dare,Jett44@yahoo.com,315-947-2808 x3493,Karl26,LmEKXcuqOdCcWTQ,Sun Apr 02 1989 15:05:15 GMT+0300 (Rytų Europos vasaros laikas)
Tatyana,Adams,Hildegard.Murazik@gmail.com,(216) 856-9113 x8049,Ashleigh.Cormier,ZcA3SuiImRg50Yw,Thu Jan 31 1957 01:49:44 GMT+0300 (Rytų Europos žiemos laikas)
Luciano,Hackett,Cruz.Kozey-Renner@yahoo.com,(960) 647-1588 x276,Andy_Boyle,mamqFAsxpUNgiIp,Sat May 10 1980 13:11:45 GMT+0300 (Rytų Europos žiemos laikas)
Melody,Ritchie,Francisca_Monahan@gmail.com,(629) 852-3670 x782,Julian_Koch,G75e4wZblKPmx3h,Tue Jan 22 1980 13:01:37 GMT+0300 (Rytų Europos žiemos laikas)
Glenna,Orn,Syble35@yahoo.com,512-961-9326,Korbin51,a5uDRnFHTnbhYuL,Thu Sep 10 1953 13:20:19 GMT+0300 (Rytų Europos vasaros laikas)
Lizzie,Harber,Cecilia82@yahoo.com,(815) 294-4180 x10310,Emerald_Kling,XB_mzwSSvP8tcPf,Sat Sep 29 1990 08:16:15 GMT+0300 (Rytų Europos vasaros laikas)
Thea,Dickens,Ayden_Kohler@gmail.com,451-937-1512,Khalid_Barton0,jBZCavlchOl9F8S,Mon Sep 25 1967 07:02:24 GMT+0300 (Rytų Europos vasaros laikas)
Cloyd,Predovic,Jordan_McClure30@yahoo.com,1-328-919-5178 x842,Amara98,wF0r9YdjEwf9FjV,Tue Jan 30 1962 17:20:12 GMT+0300 (Rytų Europos žiemos laikas)
Damion,Runolfsdottir,Sincere13@gmail.com,335-714-9768 x425,Benton.Weber14,oEL2tU5s6ZU4q3n,Sun Mar 07 1948 07:08:35 GMT+0300 (Rytų Europos žiemos laikas)
Clifford,Fritsch,Kailee.Medhurst74@gmail.com,(890) 880-8142 x50000,Breanne.Murazik-Barton,qEhoDghEvQHeTBJ,Sun May 11 1980 01:44:12 GMT+0300 (Rytų Europos žiemos laikas)
Samson,Goldner,Adell_McDermott@hotmail.com,(250) 239-0934 x5782,Deja.Denesik,eIgoiN9X3EOSfQl,Mon Dec 29 1986 19:13:34 GMT+0300 (Rytų Europos žiemos laikas)
Lauren,Gutmann,Tamara80@yahoo.com,(284) 795-3727,Zackery58,ruODlQCR8oXA3LC,Wed Feb 24 1993 18:34:12 GMT+0200 (Rytų Europos žiemos laikas)
Caesar,Bailey,Sydni_Herzog47@gmail.com,(565) 654-7193 x717,Adolphus70,BVdt5xiAGoDiQv3,Tue May 27 1980 23:05:19 GMT+0300 (Rytų Europos žiemos laikas)
Giovanny,Graham,Kamille_Harvey@yahoo.com,693.777.3613,Gisselle_Denesik56,LvW7C3lHKonVfDD,Mon Dec 14 1981 07:53:27 GMT+0300 (Rytų Europos žiemos laikas)
Lexi,Shields,Cole88@gmail.com,755-450-4147 x04574,Darrel16,ywP1jhhvDOJLD1q,Sun Sep 08 1963 05:03:03 GMT+0300 (Rytų Europos vasaros laikas)
Kiana,Graham,Nicolas.Maggio@gmail.com,985.305.4807 x34683,Fay.Boehm,eVPoLwleQdStB4v,Thu Nov 01 1951 04:52:25 GMT+0300 (Rytų Europos žiemos laikas)
Gilda,Runte,Andre41@yahoo.com,1-820-504-2307,Icie.Ledner19,m3fYYPRTsNpvCKp,Thu Nov 09 1995 13:15:45 GMT+0200 (Rytų Europos žiemos laikas)
Yasmine,Muller,Roman30@gmail.com,869-679-8751 x68053,Art.Stokes98,1gWdMPP1n8u8dDo,Fri Oct 01 1948 09:51:58 GMT+0300 (Rytų Europos vasaros laikas)
Sandrine,Blick,Tomasa_Stanton25@gmail.com,644-929-9052 x93186,Daniella.Schneider12,jGR0HqUY5JCqsr5,Tue Mar 08 1966 07:04:06 GMT+0300 (Rytų Europos žiemos laikas)
Beth,Predovic,Donavon8@gmail.com,595.607.8591 x2556,Cara75,ddZqwoENa9DX7e3,Mon Jan 31 1994 05:53:01 GMT+0200 (Rytų Europos žiemos laikas)
Joany,Smith,Chasity_Harris24@hotmail.com,243.570.9322 x2692,Buford.Parker94,wuC00N2XOxcpvUM,Tue Jan 19 1999 11:29:00 GMT+0100 (Rytų Europos žiemos laikas)
Kiana,Haag,Aubree_Paucek14@yahoo.com,607.200.2597 x235,Dahlia.Koss47,fg4RtBdYA_4SP0Z,Thu Jan 11 2007 08:00:40 GMT+0200 (Rytų Europos žiemos laikas)
Ervin,Bartell,Ulises15@yahoo.com,1-591-876-8085 x017,Lexus_Adams17,7linx1sj6N5MSna,Sat Aug 23 2003 23:18:32 GMT+0300 (Rytų Europos vasaros laikas)
Shayna,Parker,Willis_Beatty13@hotmail.com,(998) 911-5911 x0526,Lorine78,d4N_mg_roEhRzr9,Tue Aug 21 1956 12:32:26 GMT+0300 (Rytų Europos vasaros laikas)
Elena,Hettinger,Zack_Hegmann@yahoo.com,737.784.6611 x626,Katlynn15,aICzpntgKS2UhAg,Mon Jan 06 1964 17:57:55 GMT+0300 (Rytų Europos žiemos laikas)
Lavon,Kuphal,Casper_Gibson4@yahoo.com,205-288-1032,Linnea.Heller,0cCE_EU2OuyQwF0,Wed Jul 02 1980 06:00:09 GMT+0300 (Rytų Europos žiemos laikas)
Anahi,Graham,Malachi92@hotmail.com,(454) 961-4165 x0916,Neal_Quigley,NQGxSbYUB00hnzg,Sun Aug 13 1961 04:53:03 GMT+0300 (Rytų Europos vasaros laikas)
Vicky,Bahringer,Kristian.Harris33@gmail.com,802-209-9727 x236,Ewell_Ebert-Lebsack,wEB_eFdIKe_cG2d,Wed Feb 09 1972 04:31:53 GMT+0300 (Rytų Europos žiemos laikas)
Destany,O'Reilly,Isom.OConnell@yahoo.com,976.417.6053 x0962,Kaylee.Bernier70,PBJWbZvkknvHGPe,Sun Aug 19 2001 07:45:07 GMT+0200 (Rytų Europos žiemos laikas)
Ashley,Corwin,Lori.OHara@gmail.com,(837) 705-5450,Mortimer_Nienow40,xfCNA3m5WRoQUsC,Mon Apr 25 1960 20:32:13 GMT+0300 (Rytų Europos vasaros laikas)
Asa,Metz,Louvenia53@gmail.com,607.443.6964 x91612,Sophia_Hane,7JO1ABueKnZl0cD,Fri Apr 22 1955 06:32:00 GMT+0300 (Rytų Europos vasaros laikas)
Lyla,Beer,Edna_Morar85@hotmail.com,1-793-995-4594 x9994,Lemuel34,ei2GfF7i99uyPsK,Sun Feb 15 1981 04:00:21 GMT+0300 (Rytų Europos žiemos laikas)
Oswald,Rice,Ethan.Kris@gmail.com,340-373-3386 x405,Amie73,A5F5mFVt1WKje0p,Sat Jun 02 1990 00:59:47 GMT+0300 (Rytų Europos vasaros laikas)
Cheyanne,Lockman,Cristopher_Auer58@yahoo.com,268-979-4828 x055,Lucile.Rau83,r5DyEfKjeIcEwAg,Wed Sep 07 1994 08:13:45 GMT+0300 (Rytų Europos vasaros laikas)
Brett,Kreiger,Myrtis_Sauer69@yahoo.com,299.572.4472 x159,Ulices_Collins,iYMh5vxxs80zc15,Thu Jan 22 1976 10:50:58 GMT+0300 (Rytų Europos žiemos laikas)
Edwina,Little,Foster_Jacobson59@yahoo.com,1-336-649-4767,Karolann.Von59,3oV8vlhjuxKjIfs,Mon Jun 26 1972 21:13:34 GMT+0300 (Rytų Europos žiemos laikas)
Nya,Jakubowski,Blaise47@hotmail.com,1-560-408-9335 x1891,Zachary.Schinner,86F2dShBd8iggj2,Tue Aug 25 1953 17:13:31 GMT+0300 (Rytų Europos vasaros laikas)
Otilia,Lebsack,Sherwood_Renner-Gleichner86@gmail.com,1-210-611-0730 x6741,Kacey_Schaden,jpUdjyORg8uwbXu,Fri Nov 16 1979 02:44:52 GMT+0300 (Rytų Europos žiemos laikas)
Jon,Price,Marlen.Schiller@yahoo.com,(846) 513-8008 x9001,Frederik.Dicki49,IGUQ9mDdkgLIp8y,Sat Jul 24 1982 02:39:35 GMT+0400 (Rytų Europos vasaros laikas)
Austin,Konopelski,Marcella67@hotmail.com,(918) 935-8129,Clifton.Quigley,d0MxfaNekcXjs1t,Fri Nov 07 1947 08:58:13 GMT+0300 (Rytų Europos žiemos laikas)
Karl,Dickens,Joel.Hahn@hotmail.com,1-996-877-8279 x933,Shanna52,7EX3aOzSoxM0he7,Wed Nov 13 1963 08:06:28 GMT+0300 (Rytų Europos žiemos laikas)
Cathrine,Gleichner,Althea.Flatley59@yahoo.com,(613) 745-3418 x751,Kyler_DuBuque94,rA9I5Eeq543xrQP,Thu Feb 09 1995 03:00:13 GMT+0200 (Rytų Europos žiemos laikas)
Elmer,Wehner,Kristian88@yahoo.com,1-671-672-1988 x8659,Fiona_Zboncak4,8bFnO1nVnbv1rNf,Thu Jun 28 1962 14:17:04 GMT+0300 (Rytų Europos vasaros laikas)
Loy,Christiansen,Yasmeen.Veum22@hotmail.com,(546) 400-9223,Bell_Farrell27,3jaOYDbbLkeF7Rz,Tue Jul 04 1950 10:31:53 GMT+0300 (Rytų Europos vasaros laikas)
Kailee,Durgan,Melisa.Krajcik@yahoo.com,345.721.9793,Rogelio_Heller,q1lxrjQaGcy2u_z,Tue Aug 02 1977 09:02:33 GMT+0300 (Rytų Europos žiemos laikas)
Izaiah,DuBuque,Kari5@gmail.com,(878) 529-3436 x24031,Mabel37,0jdjIKx1_ra97gU,Thu Oct 26 1967 15:47:31 GMT+0300 (Rytų Europos vasaros laikas)
Cierra,Conroy,Ricardo37@hotmail.com,664.934.0845 x949,Sienna.Schoen41,k85N52YEAvfGzt1,Fri Nov 30 1956 20:25:25 GMT+0300 (Rytų Europos žiemos laikas)
Nickolas,Von,Isabell63@hotmail.com,(212) 703-7682 x0376,Chyna.Rath,oEvkIDLaQ45qCp6,Thu Jul 19 1951 08:13:41 GMT+0300 (Rytų Europos vasaros laikas)
Joanny,Marvin,Emmitt_Stokes@hotmail.com,835-640-2790,Mariane.Baumbach20,BQoLPKxJcPEgQBi,Thu May 28 1959 22:04:08 GMT+0300 (Rytų Europos vasaros laikas)
Isac,Watsica,Lacy_Little18@hotmail.com,509-793-3026 x650,Perry_MacGyver32,eAUk9SC6piG4DXZ,Sat Apr 20 1963 22:27:22 GMT+0300 (Rytų Europos vasaros laikas)
Turner,Koelpin,Lon_Hintz@hotmail.com,587.637.1355 x9589,Myrna.Gutmann6,ZqPY4vmkf8WdXhY,Tue Mar 26 1963 01:31:30 GMT+0300 (Rytų Europos žiemos laikas)
Ward,Kerluke,Golda12@gmail.com,(587) 972-9975,Ron30,xrzThqxH_RjMMru,Sat Sep 18 1976 15:38:36 GMT+0300 (Rytų Europos žiemos laikas)
Bruce,Schmitt,Gloria1@yahoo.com,405-610-4688 x695,Lilla50,96gi6ef3sVkrQ_Z,Tue Nov 11 2003 04:58:53 GMT+0200 (Rytų Europos žiemos laikas)
Christy,Pagac,Eliza66@hotmail.com,651-688-2461 x99082,Maya96,mL7cxrNjS3_lhNw,Sat Dec 06 1975 14:59:05 GMT+0300 (Rytų Europos žiemos laikas)
Colton,White,Dorothy64@hotmail.com,(985) 732-4268,Alessandro92,D2l44Uoxqhbn4AI,Mon Dec 14 1981 01:45:59 GMT+0300 (Rytų Europos žiemos laikas)
Donnell,Casper,Arvel68@yahoo.com,314-702-5820,Ahmed97,F7cZEugISajRDrt,Thu Aug 04 1988 09:42:22 GMT+0400 (Rytų Europos vasaros laikas)
Alysa,Bayer,Margarita0@gmail.com,1-643-390-4275 x0130,Gerardo37,bxXlehDczT2viPC,Wed Dec 12 1990 00:27:10 GMT+0200 (Rytų Europos žiemos laikas)
Rowan,Lindgren,Hertha93@yahoo.com,1-450-746-9069 x82625,Lera_Upton,PkTpGs2kBcCseLu,Sat Jun 17 2006 02:12:01 GMT+0300 (Rytų Europos vasaros laikas)
