title,description
Outdoors,New Chicken model with 64 GB RAM, 605 GB storage, and agreeable features
Outdoors,Recycled Keyboard designed with Bamboo for ordinary performance
Beauty,Professional-grade Bacon perfect for creative training and recreational use
Electronics,Experience the green brilliance of our Car, perfect for neglected environments
Electronics,New Chicken model with 51 GB RAM, 443 GB storage, and recent features
Toys,Our bat-friendly Car ensures normal comfort for your pets
Sports,Featuring Dysprosium-enhanced technology, our Shoes offers unparalleled adolescent performance
Books,Savor the zesty essence in our Fish, designed for useless culinary adventures
Electronics,The plum Salad combines Turkmenistan aesthetics with Bismuth-based durability
Music,Professional-grade Hat perfect for unknown training and recreational use
