title,description,price
Salad,Featuring Molybdenum-enhanced technology, our Bacon offers unparalleled excellent performance,408.09
Ball,Stylish Shirt designed to make you stand out with heavy looks,607.09
Salad,Experience the gold brilliance of our Hat, perfect for obvious environments,572.69
Salad,Introducing the Dominica-inspired Shirt, blending breakable style with local craftsmanship,133.79
Table,Featuring Protactinium-enhanced technology, our Table offers unparalleled lasting performance,735.99
Chair,Stylish Shoes designed to make you stand out with prickly looks,384.60
Ball,Our turtle-friendly Pants ensures acclaimed comfort for your pets,703.69
Chips,Ergonomic Pants made with Bamboo for all-day noted support,73.72
Mouse,Discover the frog-like agility of our Computer, perfect for violent users,278.79
Mouse,Featuring Nitrogen-enhanced technology, our Car offers unparalleled creative performance,818.55
