name,surname,phone,email,username,password,birthdate
Norwood,Mayert,1-560-282-4588 x892,Diamond39@yahoo.com,Zella69,urVdYByAalXKf8F,Thu Feb 20 2025 20:33:29 GMT+0200 (Rytų Europos žiemos laikas)
Ramon,Krajcik,969-320-5271 x6982,Milan69@yahoo.com,Orlando_Sipes15,B49I5TJQCWgxZLY,Tue Jan 21 2025 21:40:10 GMT+0200 (Rytų Europos žiemos laikas)
Maximillian,Marks,(836) 292-9524,Vladimir_McCullough99@hotmail.com,Ezra_Sawayn,JMQfk_02d06ZxaG,Tue Oct 22 2024 22:34:12 GMT+0300 (Rytų Europos vasaros laikas)
Jackie,Jenkins,797.490.4874 x770,Keshaun33@yahoo.com,Annetta54,nLoG95MYdFxvxwA,Sun Nov 03 2024 01:01:43 GMT+0200 (Rytų Europos žiemos laikas)
Jayme,Thiel-Hilll,980-884-6111,Lila_Goldner@yahoo.com,Dulce.Wilderman,TZOg0FmqXB0SAZa,Wed Jun 12 2024 22:54:47 GMT+0300 (Rytų Europos vasaros laikas)
Garrison,Greenholt,(478) 656-4044 x99128,Russell.Lakin@gmail.com,Sid.Baumbach,9KuWPCENmcLURSz,Fri Jul 05 2024 17:37:46 GMT+0300 (Rytų Europos vasaros laikas)
Gerda,Herzog,636.875.9425 x2936,Vicenta.Boehm@gmail.com,Whitney.Carter85,JpFs_13k_2iDvsf,Fri Dec 27 2024 23:52:31 GMT+0200 (Rytų Europos žiemos laikas)
Carter,Becker,1-652-526-8754,Jeffery.Bergstrom98@yahoo.com,Berta.Graham,1gKVbdEjs2bobZp,Sun Jan 19 2025 14:04:57 GMT+0200 (Rytų Europos žiemos laikas)
Isobel,Bartoletti-Mayer,1-537-392-0856 x932,Gerhard.Stracke4@hotmail.com,Greg.Goyette47,QouvZDzO3dyNSIj,Thu Apr 18 2024 23:24:09 GMT+0300 (Rytų Europos vasaros laikas)
Sonia,Pfannerstill,1-582-535-8497 x49845,Kennedi.Medhurst@gmail.com,Edgardo3,JzGT9YzPgH504qz,Tue Jun 11 2024 08:05:02 GMT+0300 (Rytų Europos vasaros laikas)
